iso3,adult_population,year,source
ARG,33306114,2023,"UN World Population Prospects 2024, ages 18+, 1 July 2023"
AUS,20712375,2023,"UN World Population Prospects 2024, ages 18+, 1 July 2023"
BRA,160097067,2023,"UN World Population Prospects 2024, ages 18+, 1 July 2023"
CHN,1136792249,2023,"UN World Population Prospects 2024, ages 18+, 1 July 2023"
DEU,70489540,2023,"UN World Population Prospects 2024, ages 18+, 1 July 2023"
EGY,70953158,2023,"UN World Population Prospects 2024, ages 18+, 1 July 2023"
ESP,40029763,2023,"UN World Population Prospects 2024, ages 18+, 1 July 2023"
GBR,54279420,2023,"UN World Population Prospects 2024, ages 18+, 1 July 2023"
HKG,6471939,2023,"UN World Population Prospects 2024, ages 18+, 1 July 2023"
IDN,196991444,2023,"UN World Population Prospects 2024, ages 18+, 1 July 2023"
IND,1001432471,2023,"UN World Population Prospects 2024, ages 18+, 1 July 2023"
ISR,6255556,2023,"UN World Population Prospects 2024, ages 18+, 1 July 2023"
JPN,106513225,2023,"UN World Population Prospects 2024, ages 18+, 1 July 2023"
KEN,30701959,2023,"UN World Population Prospects 2024, ages 18+, 1 July 2023"
MEX,90720234,2023,"UN World Population Prospects 2024, ages 18+, 1 July 2023"
NGA,117646553,2023,"UN World Population Prospects 2024, ages 18+, 1 July 2023"
PHL,75238170,2023,"UN World Population Prospects 2024, ages 18+, 1 July 2023"
POL,31699802,2023,"UN World Population Prospects 2024, ages 18+, 1 July 2023"
SWE,8361755,2023,"UN World Population Prospects 2024, ages 18+, 1 July 2023"
TUR,64427412,2023,"UN World Population Prospects 2024, ages 18+, 1 July 2023"
TZA,33655834,2023,"UN World Population Prospects 2024, ages 18+, 1 July 2023"
USA,269365151,2023,"UN World Population Prospects 2024, ages 18+, 1 July 2023"
ZAF,43500799,2023,"UN World Population Prospects 2024, ages 18+, 1 July 2023"
